{"cameraMode":{"drawMode":0,"name":"Shaded","section":"Shading Mode"},"sceneLighting":false,"audioPlay":false,"sceneViewState":{"showFog":true,"showMaterialUpdate":false,"showSkybox":false,"showFlares":true,"showImageEffects":true,"showParticleSystems":true},"in2DMode":false,"pivot":{"x":0.006501197814941406,"y":0.7923734188079834,"z":0.07103610038757324},"rotation":{"x":0.06777342408895493,"y":-0.9270246624946594,"z":0.3066931366920471,"w":0.20486946403980256},"size":5.907386302947998,"orthographic":false}