{"cameraMode":{"drawMode":0,"name":"Shaded","section":"Shading Mode"},"sceneLighting":false,"audioPlay":false,"sceneViewState":{"showFog":true,"showMaterialUpdate":false,"showSkybox":false,"showFlares":true,"showImageEffects":true,"showParticleSystems":true},"in2DMode":false,"pivot":{"x":0.000407511368393898,"y":-0.000629437156021595,"z":-0.001508176326751709},"rotation":{"x":0.008358561433851719,"y":-0.8302910923957825,"z":0.5571281313896179,"w":0.01245428528636694},"size":0.08281425386667252,"orthographic":false}