{"cameraMode":{"drawMode":0,"name":"Shaded","section":"Shading Mode"},"sceneLighting":true,"audioPlay":false,"sceneViewState":{"showFog":true,"showMaterialUpdate":false,"showSkybox":false,"showFlares":true,"showImageEffects":true,"showParticleSystems":true},"in2DMode":false,"pivot":{"x":0.020000457763671876,"y":5.2625555992126469,"z":0.5949997901916504},"rotation":{"x":-0.01967925764620304,"y":0.838767409324646,"z":-0.5433183908462524,"w":-0.02978612668812275},"size":14.453817367553711,"orthographic":false}