{"cameraMode":{"drawMode":0,"name":"Shaded","section":"Shading Mode"},"sceneLighting":false,"audioPlay":false,"sceneViewState":{"showFog":true,"showMaterialUpdate":false,"showSkybox":false,"showFlares":true,"showImageEffects":true,"showParticleSystems":true},"in2DMode":false,"pivot":{"x":0.17725354433059693,"y":1.1463837623596192,"z":-0.20324665307998658},"rotation":{"x":0.22303512692451478,"y":-0.44576629996299746,"z":0.1153380423784256,"w":0.8592118620872498},"size":3.9503366947174074,"orthographic":false}