{"cameraMode":{"drawMode":0,"name":"Shaded","section":"Shading Mode"},"sceneLighting":false,"audioPlay":false,"sceneViewState":{"showFog":true,"showMaterialUpdate":false,"showSkybox":false,"showFlares":true,"showImageEffects":true,"showParticleSystems":true},"in2DMode":false,"pivot":{"x":-0.011896371841430664,"y":0.48337244987487795,"z":-0.06271301954984665},"rotation":{"x":0.0378890186548233,"y":-0.929008424282074,"z":0.3544630706310272,"w":0.09931651502847672},"size":5.938031196594238,"orthographic":false}