{"cameraMode":{"drawMode":0,"name":"Shaded","section":"Shading Mode"},"sceneLighting":false,"audioPlay":false,"sceneViewState":{"showFog":true,"showMaterialUpdate":false,"showSkybox":false,"showFlares":true,"showImageEffects":true,"showParticleSystems":true},"in2DMode":false,"pivot":{"x":1.980427861213684,"y":-0.5340291261672974,"z":0.17431640625},"rotation":{"x":0.2908480167388916,"y":0.3855013847351074,"z":-0.12946686148643495,"w":0.866045355796814},"size":18.725807189941408,"orthographic":false}