{"cameraMode":{"drawMode":0,"name":"Shaded","section":"Shading Mode"},"sceneLighting":false,"audioPlay":false,"sceneViewState":{"showFog":true,"showMaterialUpdate":false,"showSkybox":false,"showFlares":true,"showImageEffects":true,"showParticleSystems":true},"in2DMode":false,"pivot":{"x":5.960464477539063e-7,"y":0.054741814732551578,"z":0.0000012218952178955079},"rotation":{"x":0.02717936970293522,"y":-0.829252302646637,"z":0.5567850470542908,"w":0.039903294295072559},"size":2.0349783897399904,"orthographic":false}