{"cameraMode":{"drawMode":0,"name":"Shaded","section":"Shading Mode"},"sceneLighting":false,"audioPlay":false,"sceneViewState":{"showFog":true,"showMaterialUpdate":false,"showSkybox":false,"showFlares":true,"showImageEffects":true,"showParticleSystems":true},"in2DMode":false,"pivot":{"x":0.027777671813964845,"y":0.1579875349998474,"z":0.05161869525909424},"rotation":{"x":-0.24858218431472779,"y":0.7488547563552856,"z":-0.47068479657173159,"w":-0.39481547474861147},"size":2.8440234661102297,"orthographic":false}