{"cameraMode":{"drawMode":0,"name":"Shaded","section":"Shading Mode"},"sceneLighting":false,"audioPlay":false,"sceneViewState":{"showFog":true,"showMaterialUpdate":false,"showSkybox":false,"showFlares":true,"showImageEffects":true,"showParticleSystems":true},"in2DMode":false,"pivot":{"x":0.020923376083374025,"y":0.16193467378616334,"z":-0.0944136381149292},"rotation":{"x":0.12470408529043198,"y":0.5794109106063843,"z":-0.09068813920021057,"w":0.8003172874450684},"size":3.981349468231201,"orthographic":false}