{"cameraMode":{"drawMode":0,"name":"Shaded","section":"Shading Mode"},"sceneLighting":false,"audioPlay":false,"sceneViewState":{"showFog":true,"showMaterialUpdate":false,"showSkybox":false,"showFlares":true,"showImageEffects":true,"showParticleSystems":true},"in2DMode":false,"pivot":{"x":30.727249145507814,"y":1.3912084102630616,"z":-15.399822235107422},"rotation":{"x":0.0031088495161384346,"y":-0.9915896654129028,"z":0.12711775302886964,"w":0.02411109209060669},"size":5.631258964538574,"orthographic":false}