{"cameraMode":{"drawMode":0,"name":"Shaded","section":"Shading Mode"},"sceneLighting":false,"audioPlay":false,"sceneViewState":{"showFog":true,"showMaterialUpdate":false,"showSkybox":false,"showFlares":true,"showImageEffects":true,"showParticleSystems":true},"in2DMode":false,"pivot":{"x":2.1680898666381838,"y":-1.1107134819030762,"z":-2.2392148971557619},"rotation":{"x":0.0006931357202120125,"y":0.9228422045707703,"z":-0.3851739466190338,"w":0.0016567930579185486},"size":11.018271446228028,"orthographic":false}