{"cameraMode":{"drawMode":0,"name":"Shaded","section":"Shading Mode"},"sceneLighting":false,"audioPlay":false,"sceneViewState":{"showFog":true,"showMaterialUpdate":false,"showSkybox":false,"showFlares":true,"showImageEffects":true,"showParticleSystems":true},"in2DMode":false,"pivot":{"x":2.0948619842529299,"y":1.0190033912658692,"z":-0.14439773559570313},"rotation":{"x":0.2452111542224884,"y":0.021733876317739488,"z":-0.00582885043695569,"w":0.9692085385322571},"size":16.26405906677246,"orthographic":false}