{"cameraMode":{"drawMode":0,"name":"Shaded","section":"Shading Mode"},"sceneLighting":false,"audioPlay":false,"sceneViewState":{"showFog":true,"showMaterialUpdate":false,"showSkybox":false,"showFlares":true,"showImageEffects":true,"showParticleSystems":true},"in2DMode":false,"pivot":{"x":-0.25762224197387698,"y":2.101982593536377,"z":-0.03509998321533203},"rotation":{"x":0.22303512692451478,"y":-0.44576629996299746,"z":0.1153380423784256,"w":0.8592118620872498},"size":6.560452938079834,"orthographic":false}