{"cameraMode":{"drawMode":0,"name":"Shaded","section":"Shading Mode"},"sceneLighting":false,"audioPlay":false,"sceneViewState":{"showFog":true,"showMaterialUpdate":false,"showSkybox":false,"showFlares":true,"showImageEffects":true,"showParticleSystems":true},"in2DMode":false,"pivot":{"x":0.01635223627090454,"y":0.2315487563610077,"z":0.06011107563972473},"rotation":{"x":-0.13659821450710298,"y":0.7476201057434082,"z":-0.16172702610492707,"w":-0.6294835209846497},"size":1.9202975034713746,"orthographic":false}