{"cameraMode":{"drawMode":0,"name":"Shaded","section":"Shading Mode"},"sceneLighting":false,"audioPlay":false,"sceneViewState":{"showFog":true,"showMaterialUpdate":false,"showSkybox":false,"showFlares":true,"showImageEffects":true,"showParticleSystems":true},"in2DMode":false,"pivot":{"x":-0.04105573892593384,"y":0.17240214347839356,"z":-0.0267983078956604},"rotation":{"x":-0.24858218431472779,"y":0.7488547563552856,"z":-0.47068479657173159,"w":-0.39481547474861147},"size":4.692862510681152,"orthographic":false}