{"cameraMode":{"drawMode":0,"name":"Shaded","section":"Shading Mode"},"sceneLighting":false,"audioPlay":false,"sceneViewState":{"showFog":true,"showMaterialUpdate":false,"showSkybox":false,"showFlares":true,"showImageEffects":true,"showParticleSystems":true},"in2DMode":false,"pivot":{"x":-0.06287229061126709,"y":0.2815101146697998,"z":-0.022212475538253785},"rotation":{"x":0.02717936970293522,"y":-0.829252302646637,"z":0.5567850470542908,"w":0.039903294295072559},"size":1.621917486190796,"orthographic":false}