{"cameraMode":{"drawMode":0,"name":"Shaded","section":"Shading Mode"},"sceneLighting":false,"audioPlay":false,"sceneViewState":{"showFog":true,"showMaterialUpdate":false,"showSkybox":false,"showFlares":true,"showImageEffects":true,"showParticleSystems":true},"in2DMode":false,"pivot":{"x":0.10947719216346741,"y":0.1203017383813858,"z":0.03327098488807678},"rotation":{"x":-0.012734887190163136,"y":-0.9347613453865051,"z":0.3534485697746277,"w":-0.03366433084011078},"size":3.7122926712036135,"orthographic":false}