{"cameraMode":{"drawMode":0,"name":"Shaded","section":"Shading Mode"},"sceneLighting":false,"audioPlay":false,"sceneViewState":{"showFog":true,"showMaterialUpdate":false,"showSkybox":false,"showFlares":true,"showImageEffects":true,"showParticleSystems":true},"in2DMode":false,"pivot":{"x":-0.032939910888671878,"y":0.20422613620758058,"z":-0.13048338890075684},"rotation":{"x":0.06186145171523094,"y":-0.9303410053253174,"z":0.18394604325294496,"w":0.3111313581466675},"size":5.902355670928955,"orthographic":false}