{"cameraMode":{"drawMode":0,"name":"Shaded","section":"Shading Mode"},"sceneLighting":false,"audioPlay":false,"sceneViewState":{"showFog":true,"showMaterialUpdate":false,"showSkybox":false,"showFlares":true,"showImageEffects":true,"showParticleSystems":true},"in2DMode":false,"pivot":{"x":2.980232238769531e-7,"y":0.5281292200088501,"z":0.12816041707992555},"rotation":{"x":-0.13659821450710298,"y":0.7476201057434082,"z":-0.16172702610492707,"w":-0.6294835209846497},"size":3.1022889614105226,"orthographic":false}