{"cameraMode":{"drawMode":0,"name":"Shaded","section":"Shading Mode"},"sceneLighting":false,"audioPlay":false,"sceneViewState":{"showFog":true,"showMaterialUpdate":false,"showSkybox":false,"showFlares":true,"showImageEffects":true,"showParticleSystems":true},"in2DMode":false,"pivot":{"x":-0.20600271224975587,"y":-0.05702051520347595,"z":0.04204058647155762},"rotation":{"x":0.008358561433851719,"y":-0.8302910923957825,"z":0.5571281313896179,"w":0.01245428528636694},"size":19.141939163208009,"orthographic":false}