{"cameraMode":{"drawMode":0,"name":"Shaded","section":"Shading Mode"},"sceneLighting":false,"audioPlay":false,"sceneViewState":{"showFog":true,"showMaterialUpdate":false,"showSkybox":false,"showFlares":true,"showImageEffects":true,"showParticleSystems":true},"in2DMode":false,"pivot":{"x":-0.06287229061126709,"y":0.2815101146697998,"z":-0.022212475538253785},"rotation":{"x":0.0378890186548233,"y":-0.929008424282074,"z":0.3544630706310272,"w":0.09931651502847672},"size":1.621917486190796,"orthographic":false}