{"cameraMode":{"drawMode":0,"name":"Shaded","section":"Shading Mode"},"sceneLighting":false,"audioPlay":false,"sceneViewState":{"showFog":true,"showMaterialUpdate":false,"showSkybox":false,"showFlares":true,"showImageEffects":true,"showParticleSystems":true},"in2DMode":false,"pivot":{"x":0.026436835527420045,"y":0.2705962359905243,"z":-0.06751479208469391},"rotation":{"x":0.12470408529043198,"y":0.5794109106063843,"z":-0.09068813920021057,"w":0.8003172874450684},"size":2.4350242614746095,"orthographic":false}