{"cameraMode":{"drawMode":0,"name":"Shaded","section":"Shading Mode"},"sceneLighting":false,"audioPlay":false,"sceneViewState":{"showFog":true,"showMaterialUpdate":false,"showSkybox":false,"showFlares":true,"showImageEffects":true,"showParticleSystems":true},"in2DMode":false,"pivot":{"x":0.027901649475097657,"y":0.2639968693256378,"z":-0.03731739521026611},"rotation":{"x":-0.1817486435174942,"y":0.8139081001281738,"z":-0.33898207545280459,"w":-0.43544483184814455},"size":4.363854885101318,"orthographic":false}