{"cameraMode":{"drawMode":0,"name":"Shaded","section":"Shading Mode"},"sceneLighting":false,"audioPlay":false,"sceneViewState":{"showFog":true,"showMaterialUpdate":false,"showSkybox":false,"showFlares":true,"showImageEffects":true,"showParticleSystems":true},"in2DMode":false,"pivot":{"x":0.09722644090652466,"y":0.23264643549919129,"z":-0.007398664951324463},"rotation":{"x":0.06186145171523094,"y":-0.9303410053253174,"z":0.18394604325294496,"w":0.3111313581466675},"size":2.5920610427856447,"orthographic":false}