{"cameraMode":{"drawMode":0,"name":"Shaded","section":"Shading Mode"},"sceneLighting":false,"audioPlay":false,"sceneViewState":{"showFog":true,"showMaterialUpdate":false,"showSkybox":false,"showFlares":true,"showImageEffects":true,"showParticleSystems":true},"in2DMode":false,"pivot":{"x":0.02419435977935791,"y":0.8920638561248779,"z":0.05459350347518921},"rotation":{"x":0.0378890186548233,"y":-0.929008424282074,"z":0.3544630706310272,"w":0.09931651502847672},"size":3.5967514514923097,"orthographic":false}