{"cameraMode":{"drawMode":0,"name":"Shaded","section":"Shading Mode"},"sceneLighting":false,"audioPlay":false,"sceneViewState":{"showFog":true,"showMaterialUpdate":false,"showSkybox":false,"showFlares":true,"showImageEffects":true,"showParticleSystems":true},"in2DMode":false,"pivot":{"x":0.02142953872680664,"y":0.5808191299438477,"z":-0.07821536064147949},"rotation":{"x":0.0378890186548233,"y":-0.929008424282074,"z":0.3544630706310272,"w":0.09931651502847672},"size":7.196943759918213,"orthographic":false}