{"cameraMode":{"drawMode":0,"name":"Shaded","section":"Shading Mode"},"sceneLighting":false,"audioPlay":false,"sceneViewState":{"showFog":true,"showMaterialUpdate":false,"showSkybox":false,"showFlares":true,"showImageEffects":true,"showParticleSystems":true},"in2DMode":false,"pivot":{"x":-0.04600214958190918,"y":0.5848211050033569,"z":0.03720581531524658},"rotation":{"x":0.0378890186548233,"y":-0.929008424282074,"z":0.3544630706310272,"w":0.09931651502847672},"size":3.193112850189209,"orthographic":false}