{"cameraMode":{"drawMode":0,"name":"Shaded","section":"Shading Mode"},"sceneLighting":false,"audioPlay":false,"sceneViewState":{"showFog":true,"showMaterialUpdate":false,"showSkybox":false,"showFlares":true,"showImageEffects":true,"showParticleSystems":true},"in2DMode":false,"pivot":{"x":0.49461227655410769,"y":-0.9321513175964356,"z":0.32252979278564455},"rotation":{"x":0.043537355959415439,"y":-0.871393084526062,"z":0.48228275775909426,"w":0.07862690091133118},"size":10.178281784057618,"orthographic":false}