{"cameraMode":{"drawMode":0,"name":"Shaded","section":"Shading Mode"},"sceneLighting":false,"audioPlay":false,"sceneViewState":{"showFog":true,"showMaterialUpdate":false,"showSkybox":false,"showFlares":true,"showImageEffects":true,"showParticleSystems":true},"in2DMode":false,"pivot":{"x":0.10947719216346741,"y":0.1203017383813858,"z":0.03327098488807678},"rotation":{"x":-0.1817486435174942,"y":0.8139081001281738,"z":-0.33898207545280459,"w":-0.43544483184814455},"size":1.9122928380966187,"orthographic":false}