{"cameraMode":{"drawMode":0,"name":"Shaded","section":"Shading Mode"},"sceneLighting":false,"audioPlay":false,"sceneViewState":{"showFog":true,"showMaterialUpdate":false,"showSkybox":false,"showFlares":true,"showImageEffects":true,"showParticleSystems":true},"in2DMode":false,"pivot":{"x":0.023995161056518556,"y":1.57193922996521,"z":0.3067924976348877},"rotation":{"x":0.17455120384693147,"y":-0.5695343017578125,"z":0.12488529831171036,"w":0.7934520840644836},"size":5.470935821533203,"orthographic":false}